4,478-3147-1-ND 
1,8.45KXBK-ND 
1,102KXBK-ND 
1,7.15KXBK-ND 
3,1.00KXBK-ND 
1,12.1KXBK-ND 
1,17.4KXBK-ND 
1,28.0KXBK-ND 
1,4.12KXBK-ND 
1,1.62KXBK-ND 
2,594-K104Z15Y5VE5TH5 
2,647-UVR1E101MED1TD 
1,81-PV36Y103C01B00 
1,660-CFP1/4CT52R201J 
2,216187
8,613-PC1500 
1,LM2940CT-5.0-ND 
1,172-2236 
2,517-41931 
1,810-FK28Y5V1E474Z 
1,81-PV36W205C01B00 
1,81-PV36W503C01B00 
1,647-UVR1H010MDD1TD 
2,647-UVR1H100MDD1TA 
2,660-MF1/4DCT52R5101F 
2,71-CCF0710K0JKE36 
1,78-TLHR5400 
1,71-CCF071K00JKE36 
2,71-CCF07-J-100K 
12,71-CCF07-J-47K 
1,P4675-ND 
